{"cameraMode":{"drawMode":0,"name":"Shaded","section":"Shading Mode"},"sceneLighting":true,"audioPlay":false,"sceneViewState":{"m_AlwaysRefresh":false,"showFog":true,"showSkybox":true,"showFlares":true,"showImageEffects":true,"showParticleSystems":true,"showVisualEffectGraphs":true,"m_FxEnabled":true},"in2DMode":false,"pivot":{"x":-1.0268144607543946,"y":3.180624008178711,"z":3.2443835735321047},"rotation":{"x":-0.27336809039115908,"y":0.5789250135421753,"z":-0.21454951167106629,"w":-0.7376666069030762},"size":11.041292190551758,"orthographic":false}