{"cameraMode":{"drawMode":0,"name":"Shaded","section":"Shading Mode"},"sceneLighting":false,"audioPlay":false,"sceneViewState":{"m_AlwaysRefresh":false,"showFog":true,"showSkybox":false,"showFlares":true,"showImageEffects":true,"showParticleSystems":true,"showVisualEffectGraphs":true,"m_FxEnabled":true},"in2DMode":false,"pivot":{"x":-6.396204948425293,"y":1.1534991264343262,"z":-16.109607696533204},"rotation":{"x":0.030993452295660974,"y":0.904908299446106,"z":-0.06691484898328781,"w":0.41918057203292849},"size":1.5614235401153565,"orthographic":true}