{"cameraMode":{"drawMode":0,"name":"Shaded","section":"Shading Mode"},"sceneLighting":false,"audioPlay":false,"sceneViewState":{"m_AlwaysRefresh":false,"showFog":true,"showSkybox":false,"showFlares":true,"showImageEffects":true,"showParticleSystems":true,"showVisualEffectGraphs":true,"m_FxEnabled":true},"in2DMode":false,"pivot":{"x":0.7250280976295471,"y":1.6358858346939088,"z":1.3084619045257569},"rotation":{"x":0.6573382019996643,"y":-0.12784884870052339,"z":0.11452852189540863,"w":0.7337841391563416},"size":5.278505325317383,"orthographic":false}