{"cameraMode":{"drawMode":0,"name":"Shaded","section":"Shading Mode"},"sceneLighting":false,"audioPlay":false,"sceneViewState":{"m_AlwaysRefresh":false,"showFog":true,"showSkybox":false,"showFlares":true,"showImageEffects":true,"showParticleSystems":true,"showVisualEffectGraphs":true,"m_FxEnabled":true},"in2DMode":false,"pivot":{"x":0.22014528512954713,"y":0.806321918964386,"z":-0.36005520820617678},"rotation":{"x":0.061455242335796359,"y":0.01347396057099104,"z":-0.0008301090565510094,"w":0.9980103373527527},"size":1.9156255722045899,"orthographic":false}