{"cameraMode":{"drawMode":0,"name":"Shaded","section":"Shading Mode"},"sceneLighting":false,"audioPlay":false,"sceneViewState":{"m_AlwaysRefresh":false,"showFog":true,"showSkybox":false,"showFlares":true,"showImageEffects":true,"showParticleSystems":true,"showVisualEffectGraphs":true,"m_FxEnabled":true},"in2DMode":false,"pivot":{"x":0.42488300800323489,"y":15.42609977722168,"z":-44.74176025390625},"rotation":{"x":0.002122515346854925,"y":-0.9937017560005188,"z":-0.019069822505116464,"w":-0.11046286672353745},"size":0.8854420185089111,"orthographic":true}