{"cameraMode":{"drawMode":0,"name":"Shaded","section":"Shading Mode"},"sceneLighting":false,"audioPlay":false,"sceneViewState":{"m_AlwaysRefresh":false,"showFog":true,"showSkybox":false,"showFlares":true,"showImageEffects":true,"showParticleSystems":true,"showVisualEffectGraphs":true,"m_FxEnabled":true},"in2DMode":false,"pivot":{"x":-3.867898464202881,"y":0.9200000166893005,"z":20.141494750976564},"rotation":{"x":-0.0332239530980587,"y":0.06981735676527024,"z":-0.0023259217850863935,"w":-0.9970116019248962},"size":1.475623607635498,"orthographic":true}