{"cameraMode":{"drawMode":0,"name":"Shaded","section":"Shading Mode"},"sceneLighting":false,"audioPlay":false,"sceneViewState":{"m_AlwaysRefresh":false,"showFog":true,"showSkybox":false,"showFlares":true,"showImageEffects":true,"showParticleSystems":true,"showVisualEffectGraphs":true,"m_FxEnabled":true},"in2DMode":false,"pivot":{"x":-3.4885165691375734,"y":1.0069499015808106,"z":19.706222534179689},"rotation":{"x":0.1540275663137436,"y":0.2817786931991577,"z":-0.045837242156267169,"w":0.9459612965583801},"size":3.2660253047943117,"orthographic":false}